"","Trait","chr1","chr2","pos1f","pos2f","lod.full","pval","lod.fv1","pval","lod.int","pval","pos1a","pos2a","lod.add","pval","lod.av1","pval"
"1","AFF","LG13","LG14",0,14,8.00664643729081,0.199,5.17472371341722,0.833,2.22864635948926,1,0,10,5.77800007780155,0.107,2.94607735392796,0.098
"2","AFF","LG13","LG20",2,22,6.96808345118058,0.687,4.06922348054022,1,1.21450188735184,1,0,22,5.75358156382873,0.111,2.85472159318837,0.125
"3","AFF","LG14","LG19",10,34,7.04187884628902,0.635,4.41089746602046,1,1.46704687477478,1,10,34,5.57483197151424,0.135,2.94385059124568,0.098
"4","AFF","LG14","LG20",12,18,6.79175100804125,0.768,3.89289103740089,1,1.08760278475415,1,12,18,5.70414822328709,0.115,2.80528825264673,0.141
"5","AFF","LG20","LG24",24,32,6.52283099369834,0.891,3.45513619477282,1,0.540949360944836,1,24,32,5.9818816327535,0.075,2.91418683382798,0.109
"6","AFS","LG14","LG19",10,34,7.44842315281053,0.451,4.75737630676804,0.988,1.76728848138737,1,12,34,5.68113467142317,0.117,2.99008782538067,0.09
"7","AFS","LG14","LG20",12,18,7.08736889932183,0.636,3.99645556208947,1,0.973286814350558,1,12,26,6.11408208497127,0.06,3.02316874773891,0.087
"8","AFS","LG20","LG24",24,32,7.13749110820854,0.611,3.88019356992791,1,0.597448325363899,1,24,32,6.54004278284464,0.027,3.28274524456401,0.034
"9","AFL","LG13","LG14",0,14,7.95607727958327,0.217,5.20501929407175,0.801,2.1826550675583,1,0,10,5.77342221202497,0.09,3.02236422651345,0.067
"10","AFL","LG13","LG20",2,22,6.89422604981306,0.726,4.14537473799106,1,1.31447129888218,1,0,24,5.57975475093087,0.125,2.83090343910888,0.126
"11","AFL","LG14","LG19",4,32,7.41844601152746,0.449,4.66738802601594,0.99,1.70676612618391,1,4,32,5.71167988534356,0.101,2.96062189983203,0.082
"12","AFL","LG14","LG20",8,44,7.09203545166483,0.609,4.3409774661533,1,1.54409302221478,1,12,24,5.54794242945005,0.136,2.79688444393852,0.134
"13","AFL","LG14","LG24",2,34,6.37263740710517,0.928,3.60372552130647,1,0.91494192572867,1,12,32,5.4576954813765,0.151,2.6887835955778,0.193
"14","AFL","LG16","LG20",40,18,6.61192753595049,0.838,3.92137691660679,1,1.05711801062307,1,40,18,5.55480952532741,0.135,2.86425890598372,0.107
"15","AFL","LG20","LG24",24,32,6.20236655748178,0.962,3.43345467168308,1,0.536360904883281,1,24,32,5.6660056525985,0.112,2.8970937667998,0.098
"16","FOB3","LG6","LG25",28,8,8.47445144462878,0.17,4.91201169553759,0.976,2.12655185539469,1,28,8,6.34789958923409,0.065,2.78545984014289,0.187
"17","FOB3_bin","LG6","LG25",30,0,7.89436968523332,0.142,4.55391531050904,0.988,1.83725759992234,1,30,10,6.05711208531099,0.031,2.71665771058671,0.111
"18","BDM","LG6","LG6",10,20,6.07813594471514,0.879,2.97998109302245,1,0.20869044611343,1,10,20,5.86944549860171,0.049,2.77129064690902,0.082
"19","BDM","LG6","LG19",30,110,7.85359028055068,0.104,4.755435428858,0.874,2.1441326430481,1,30,10,5.70945763750258,0.064,2.6113027858099,0.134
